from,to
n281600,n281600
g321601,g321601
g321601,g321602
g321601,g321603
g321601,g321605
g321601,g321200
g321601,g321604
g321601,g321607
g321601,g321606
g321601,g321608
g321601,g321609
g321601,g321621
g321601,g321611
g321601,g321612
g321601,g321613
g321601,g321615
g321601,g321614
g321601,g321616
g321601,g321617
g321601,g321638
g321601,g321622
g321601,g321619
g321601,g321618
g321601,g321624
g321601,g321625
g321601,g414707
g321601,g414701
g321601,g414706
g321601,g234700
g321601,g596800
g321601,g331632
g321601,g431303
g321601,g431304
g321601,g431305
g321601,g321633
g321601,g321641
g321601,g321642
g321601,g321644
g321601,g321645
g321601,g321646
g321601,g321634
g321601,g321635
g321601,g321636
g321601,g321637
g321601,g321628
g321601,g321629
g321601,g321630
g321601,g321631
g321601,g321610
g321601,g431302
g321601,g321616
g321601,g234700
g321601,g321627
g321601,g321625
g321601,g321626
g321601,g321643
g321601,g321639
g321601,g321640
g321601,n451800
g321601,n261501
g321601,n361700
g321601,n354701
g321601,n151700
g321601,n161601
g321601,n281800
g321601,n261601
g321601,n381602
g321601,n261502
g321601,n261503
g321601,n266500
g321601,n266500
g321601,n266500
g321601,n266500
g321601,n281600
g321601,n151600
g321601,n351700
g321601,n454800
g321601,n464800
g321601,n381601
g321601,n261604
g321601,n261607
g321601,n261608
g321601,n361600
g321601,n261609
g321601,n161604
g321601,n161605
g321601,n161607
g321601,n261700
g321601,w341209
g321601,w241221
g321601,w161501
g321601,w161502
g321601,w231300
g321601,w157600
g321601,w241203
g321601,w141100
g321601,w241204
g321601,w341203
g321601,w241206
g321601,w341207
g321601,w341208
g321601,w241208
g321601,w241209
g321601,w241210
g321601,w241212
g321601,w241214
g321601,w241217
g321601,w341210
g321601,w241218
g321601,w341211
g321601,w241220
g321601,w341212
g321601,w241223
g321601,w261403
g321601,w151100
g321601,w251200
g321601,w261100
g321601,m241201
g321601,m261100
g321601,m261400
g321601,m264700
g321601,m261501
g321601,m231300
g321601,m323701
g321601,m323600
g321601,m313700
g321601,m266400
g321601,m243202
g321601,m331400
g321601,m141201
g321601,m141202
g321601,m141203
g321601,m141204
g321601,m141205
g321601,m241202
g321601,m141206
g321601,m141207
g321601,m141208
g321601,m141209
g321601,m141210
g321601,m241203
g321601,m141211
g321601,m141212
g321601,m251600
g321601,m141100
g321601,m151100
g321601,m251200
g321601,m351600
g321601,m463600
g321601,m261502
n454701,w341202
n454701,w241216
w231401,g321605
w231401,g321604
w231401,g321607
w231401,g414707
w231401,g321646
w231401,n381602
w231401,n261400
w231401,n261609
w231401,n261610
w231401,w231401
w231401,w341202
w231401,w241216
w231401,w241221
w231401,w241203
w231401,w141100
w231401,w341203
w231401,w341205
w231401,w241207
w231401,w341208
w231401,w241214
w231401,w241217
w241216,g321617
w241216,g321610
w241216,g321626
w241216,n151700
w241216,n261504
w241216,n266500
w241216,n351700
w241216,n381601
w241216,m556800
w241216,w231401
w241216,w241216
w241216,w161501
w241216,w161502
w241216,w261403
g321612,g321601
g321612,g321200
g321612,g321616
g321612,g321638
g321612,g321622
g321612,g414707
w241206,g321614
w241206,n364700
w241206,w231402
w241206,w161502
w241206,w241203
w241206,w241210
w241206,w241219
m241201,n261503
m241201,n265700
m241201,n464800
m241201,n364800
m241201,m323701
m241201,m313700
m241201,m263500
m241201,m243202
m241201,m143200
m241201,m143100
m241201,m151100
m241201,m251200
m241201,m351600
m241201,m243201
m241201,m463600
w341203,g321601
w341203,g321603
w341203,g321605
w341203,g321200
w341203,g321604
w341203,g321607
w341203,g321606
w341203,g321608
w341203,g321620
w341203,g321609
w341203,g321621
w341203,g321611
w341203,g321613
w341203,g321615
w341203,g321614
w341203,g321616
w341203,g321617
w341203,g321638
w341203,g321619
w341203,g321618
w341203,g321624
w341203,g414701
w341203,g414706
w341203,g234700
w341203,g596800
w341203,g331632
w341203,g431304
w341203,g431305
w341203,g321633
w341203,g321641
w341203,g321642
w341203,g321644
w341203,g321645
w341203,g321646
w341203,g321634
w341203,g321635
w341203,g321636
w341203,g321628
w341203,g321629
w341203,g321630
w341203,g321631
w341203,g431302
w341203,g321616
w341203,g234700
w341203,g321625
w341203,g321626
w341203,g321643
w341203,g321639
w341203,n151700
w341203,n351700
w341203,n261609
w341203,n251600
w341203,m556800
w341203,w231401
w341203,w341203
w341203,w261200
w341203,w261300
n261608,g321601
n261608,g321602
n261608,g321603
n261608,g321200
n261608,g321616
n261608,g321633
n261608,g321634
n261608,g321635
n261608,g321628
n261608,g321640
n261608,n451800
n261608,n161601
n261608,n261601
n261608,g361800
n261608,n381602
n261608,n281600
n261608,n351700
n261608,n381601
n261608,n261604
n261608,n361600
n261608,n261610
n261608,n451400
n261608,w231402
n261608,m261501
n261608,m331400
m261501,g321601
m261501,g321602
m261501,g321603
m261501,g321605
m261501,g321604
m261501,g321607
m261501,g321609
m261501,g321614
m261501,g321617
m261501,g321638
m261501,g234700
m261501,g321633
m261501,g321644
m261501,g321646
m261501,g321610
m261501,n451800
m261501,n151700
m261501,n161601
m261501,n261502
m261501,n261400
m261501,n261504
m261501,n266500
m261501,n266500
m261501,n261603
m261501,n281600
m261501,n351700
m261501,n381601
m261501,n261608
m261501,n261610
m261501,n161604
m261501,n161607
m261501,n266500
m261501,m261100
m261501,m264700
m261501,m263500
m261501,m266400
m261501,m331400
m261501,m141203
m261501,m141204
m261501,m141205
m261501,m141210
m261501,m241203
m261501,m141100
m261501,m151100
m261501,m251200
m261501,m351600
m261501,m261502
w161401,g321608
w161401,g321613
w161401,g321617
w161401,g234700
w161401,g431303
w161401,g431305
w161401,g321642
w161401,g321630
w161401,g321627
w161401,n381602
w161401,n464800
w161401,n361600
w161401,n261610
w161401,n161604
w161401,n364800
w161401,w161401
w161401,w161501
w161401,w161502
w161401,w261500
w161401,m161100
w161401,m168100
g321619,g321601
g321619,g321602
g321619,g321605
g321619,g321200
g321619,g321607
g321619,g321606
g321619,g321620
g321619,g321609
g321619,g321621
g321619,g321612
g321619,g321613
g321619,g321615
g321619,g321614
g321619,g321616
g321619,g321617
g321619,g321638
g321619,g321622
g321619,g321619
g321619,g321618
g321619,g414707
g321619,g414701
g321619,g321633
g321619,g321641
g321619,g321636
g321619,g321610
g321619,g321639
g321619,n451800
g321619,n361700
g321619,n454702
g321619,n381602
g321619,n261502
g321619,n266500
g321619,n266500
g321619,n266500
g321619,n351700
g321619,n454800
g321619,n381601
g321619,n361600
g321619,n261609
g321619,n261610
g321619,n161605
g321619,m556800
g321619,w241201
g321619,w231402
g321619,w341202
g321619,w341209
g321619,w241216
g321619,w241221
g321619,w241204
g321619,w341203
g321619,w341205
g321619,w241208
g321619,w241211
g321619,w241213
g321619,w241214
g321619,w341210
g321619,w241219
g321619,w241220
g321619,w341212
g321619,m331400
g321619,m141203
g321619,m241202
g321619,m141208
g321619,m141209
g321619,m141210
g321619,m241203
g321619,m141211
g321619,m141100
g321618,g321603
g321618,g321200
g321618,g321607
g321618,g321606
g321618,g321608
g321618,g321609
g321618,g321613
g321618,g321614
g321618,g321617
g321618,g321638
g321618,g321619
g321618,g321618
g321618,g321624
g321618,g321625
g321618,g414701
g321618,g414706
g321618,g234700
g321618,g331632
g321618,g431304
g321618,g321633
g321618,g321627
g321618,n381602
g321618,n266500
g321618,n151600
g321618,n464800
g321618,n161603
g321618,n361600
g321618,n161604
g321618,n364800
g321618,m261501
g321618,m161100
w161502,g321609
w161502,g321614
w161502,g321617
w161502,g321638
w161502,g234700
w161502,g321633
w161502,g321644
w161502,g321610
w161502,g321643
w161502,n261504
w161502,n266500
w161502,n266500
w161502,n351700
w161502,n261604
w161502,n261609
w161502,n261610
w161502,n161604
w161502,n161607
w161502,w241201
w161502,w231402
w161502,w161401
w161502,w341209
w161502,w161501
w161502,w261500
w161502,w341201
w161502,w241202
w161502,w241204
w161502,w241208
w161502,w241211
w161502,w241213
w161502,w241214
w161502,w341210
w161502,w241219
w161502,w241220
w161502,w341212
w161502,w261403
w161502,w151100
w161502,w261100
g321610,g321601
g321610,g321605
g321610,g321200
g321610,g321604
g321610,g321607
g321610,g321606
g321610,g321620
g321610,g321609
g321610,g321613
g321610,g321615
g321610,g321614
g321610,g321616
g321610,g321617
g321610,g321638
g321610,g321622
g321610,g321618
g321610,g321625
g321610,g414707
g321610,g321644
g321610,g321610
g321610,g321616
g321610,g321627
g321610,n381602
g321610,n261504
g321610,n351700
g321610,n261604
g321610,n161603
g321610,n261609
g321610,w231402
g321610,w231401
g321610,w341202
g321610,w161501
g321610,w161502
g321610,w231300
g321610,w341212
g321610,w261403
g321610,m261501
g321610,m331400
n261601,g361800
n261601,n261503
n261601,n261606
n261601,n261608
n261601,n361600
n261601,n261610
w341212,g321604
w341212,g321607
w341212,g321615
w341212,g321617
w341212,g321638
w341212,g414707
w341212,g321610
w341212,n381602
w341212,n261504
w341212,n351700
w341212,n381601
w341212,n261609
w341212,n266500
w341212,w341202
w341212,w241216
w341212,w341205
w341212,g321618
w341212,g321645
w341212,n351700
w341212,n361600
w341212,w231401
w341212,w241216
w341212,w161502
w341212,w341212
g321620,g321605
g321620,g321604
g321620,g321607
g321620,g321606
g321620,g321608
g321620,g321620
g321620,g321621
g321620,g321612
g321620,g321613
g321620,g321615
g321620,g321616
g321620,g321617
g321620,g321638
g321620,g321622
g321620,g321619
g321620,g321618
g321620,g321625
g321620,g414701
g321620,g331632
g321620,g321641
g321620,g321642
g321620,g321635
g321620,g321636
g321620,g321630
g321620,g321616
g321620,g321627
g321620,n351700
g321620,n261610
g321620,n161605
g321620,n266500
g321620,w241201
g321620,w231401
g321620,w341202
g321620,w341209
g321620,w241216
g321620,w241221
g321620,w341201
g321620,w241202
g321620,w241203
g321620,w241204
g321620,w241205
g321620,w341203
g321620,w341204
g321620,w341205
g321620,w341207
g321620,w241207
g321620,w341208
g321620,w241208
g321620,w241209
g321620,w241210
g321620,w241211
g321620,w241212
g321620,w241213
g321620,w241215
g321620,w241217
g321620,w341210
g321620,w241218
g321620,w341211
g321620,w241219
g321620,w241220
g321620,w341212
g321620,w241222
g321620,w241223
g321620,m141201
g321620,m141203
g321620,m141204
g321620,m141205
g321620,m241202
g321620,m141206
g321620,m141207
g321620,m141208
g321620,m141209
g321620,m141210
g321620,m241203
g321620,m141211
g321620,m141212
g321620,m141100
n381601,g321601
n381601,g321602
n381601,g321603
n381601,g321604
n381601,g321609
n381601,g321638
n381601,g596800
n381601,g431303
n381601,g431304
n381601,g321634
n381601,g431302
n381601,g321639
n381601,n451800
n381601,n381602
n381601,n266500
n381601,n351700
n381601,n381601
n381601,n261604
n381601,w261403
n381601,m261100
n381601,m261501
n381601,m231300
n381601,m266400
n381601,m251600
n381601,m151100
n381601,m251200
n381601,m351600
n381601,m243201
n381601,m261502
w161501,g321614
w161501,g234700
w161501,w231402
w161501,w261402
w161501,w231403
w161501,w261500
w161501,w241206
w161501,w341207
w161501,w241210
w161501,w241218
w161501,w341211
g321638,g321601
g321638,g321602
g321638,g321603
g321638,g321604
g321638,g321607
g321638,g321606
g321638,g321608
g321638,g321620
g321638,g321609
g321638,g321621
g321638,g321612
g321638,g321613
g321638,g321615
g321638,g321614
g321638,g321616
g321638,g321617
g321638,g321638
g321638,g321622
g321638,g321619
g321638,g321618
g321638,g321624
g321638,g321625
g321638,g414707
g321638,g414701
g321638,g234700
g321638,g596800
g321638,g331632
g321638,g321633
g321638,g321641
g321638,g321642
g321638,g321644
g321638,g321636
g321638,g321610
g321638,g321616
g321638,g321627
g321638,g321626
g321638,g321643
g321638,g321640
g321638,n261501
g321638,n151700
g321638,n261502
g321638,n261504
g321638,n266500
g321638,n281600
g321638,n351700
g321638,n454800
g321638,n381601
g321638,n261604
g321638,n161603
g321638,n361600
g321638,n261610
g321638,n161604
g321638,n161605
g321638,n161607
g321638,n364800
g321638,m556800
g321638,w231402
g321638,w231401
g321638,w341202
g321638,w241216
g321638,w161501
g321638,w161502
g321638,w161201
g321638,w341203
g321638,w341212
g321638,w261403
g321638,m261100
g321638,m261400
g321638,m261501
g321638,m231300
g321638,m161100
g321638,m266400
g321638,m331400
g321638,m261502
w161502,g321608
w161502,g321614
w161502,g321617
w161502,g321638
w161502,g321618
w161502,g321610
w161502,g321643
w161502,n151700
w161502,n261504
w161502,n351700
w161502,n464800
w161502,n381601
w161502,n261604
w161502,n261610
w161502,n161604
w161502,n161607
w341201,g321615
w341201,g321614
w341201,g321644
w341201,w241202
w341201,w241220
m161100,g321613
m161100,g414701
m161100,g321643
m161100,n361600
m161100,n364800
m161100,m261501
m161100,m161100
m161100,m266400
g321616,g321603
g321616,g321604
g321616,g321606
g321616,g321621
g321616,g321612
g321616,g321619
g321616,g414701
g321616,g321636
g321616,n381602
g321616,n381601
g431305,g321603
g431305,g321613
g431305,g321625
g431305,g431303
g431305,g431304
g431305,g321633
g431305,g431302
g431305,n381601
g431305,n261604
g431305,n361600
n161604,g321604
n161604,g321609
n161604,g321614
n161604,g321628
n161604,n151700
n161604,n151600
n161604,n464800
n161604,n381601
n161604,n361600
n161604,n161604
n161604,n161607
n161604,w161501
n161604,w161502
n161604,w231300
n161604,m266400
n161604,m141211
n161604,m141100
m241203,n381602
m241203,n351700
m241203,n381601
m241203,n261606
m241203,n261609
m241203,m264700
m241203,m261501
m241203,m161100
m241203,m266400
m241203,m141205
m241203,m241203
g321625,g321603
g321625,g321607
g321625,g321638
g321625,g321624
g321625,g321633
g321625,g321627
g321625,g321626
g321625,n281800
g321625,n381602
g321625,n151600
g321625,n454800
g321625,n464800
g321625,n381601
g321625,n361600
g321625,n261610
g321625,w161402
g321625,w231401
g321625,w341202
g321625,w157600
n261603,g321604
n261603,g321609
n261603,g321617
n261603,g321624
n261603,g321625
n261603,g321630
n261603,n361700
n261603,n281800
n261603,n261601
n261603,g361800
n261603,n381602
n261603,n261502
n261603,n261503
n261603,n261504
n261603,n266500
n261603,n266500
n261603,n266500
n261603,n261603
n261603,n464800
n261603,n261608
n261603,n361600
n261603,n261610
n261603,n161604
n261603,n161607
n261603,n364700
n261603,n451400
n261603,n266500
n261603,w341202
n261603,w161502
n261603,w261100
n261603,m261501
g321617,g321602
g321617,g321603
g321617,g321605
g321617,g321604
g321617,g321607
g321617,g321606
g321617,g321608
g321617,g321609
g321617,g321621
g321617,g321611
g321617,g321612
g321617,g321613
g321617,g321615
g321617,g321614
g321617,g321616
g321617,g321638
g321617,g321622
g321617,g321619
g321617,g321618
g321617,g414701
g321617,g321646
g321617,g321636
g321617,g321630
g321617,g321610
g321617,g321616
g321617,g321626
g321617,n351700
m141204,g321609
m141204,g321621
m141204,g321618
m141204,g321644
m141204,n261609
n281600,g321601
n281600,g321603
n281600,g321604
n281600,g321607
n281600,g321620
n281600,g321609
n281600,g321621
n281600,g321612
n281600,g321613
n281600,g321614
n281600,g321638
n281600,g414706
n281600,g321633
n281600,g321627
n281600,g321626
n281600,g321643
n281600,g321640
n281600,n281800
n281600,n381602
n281600,n266500
n281600,n281600
n281600,n381601
n281600,m261501
n351700,g321601
n351700,g321603
n351700,g321604
n351700,g321607
n351700,g321609
n351700,g321611
n351700,g321612
n351700,g321615
n351700,g321617
n351700,g321619
n351700,g321618
n351700,g596800
n351700,g431304
n351700,g321633
n351700,g321646
n351700,g321610
n351700,g321626
n351700,n261501
n351700,n151700
n351700,n354800
n351700,n261502
n351700,n266500
n351700,n266500
n351700,n354702
n351700,n381601
n351700,n261607
n351700,n261609
n351700,n261610
n351700,n161605
n351700,n161607
n351700,m556800
n351700,w231402
n351700,w231401
n351700,w341202
n351700,w341209
n351700,w241216
n351700,w241221
n351700,w161502
n351700,w231403
n351700,w241204
n351700,w341203
n351700,w241207
n351700,w241218
n351700,w341211
n351700,w241219
n351700,w261403
n351700,m261501
n351700,m266400
n351700,m331400
n351700,m141203
n351700,m141209
n351700,m241203
n351700,m141100
n351700,m151100
n351700,m251200
n351700,m351600
g321616,g321606
g321616,g321620
g321616,g321613
g321616,g321617
g321616,g321638
g321616,g321619
g321616,g321618
g321616,n151600
g321616,n261608
g321616,w341202
g321616,w341209
g321616,w241216
g321616,w241221
g321616,w341201
g321616,w341205
g321616,w341208
g321616,w241210
g321616,w241220
g321616,m141205
g321616,m141212
g321614,g321601
g321614,g321602
g321614,g321603
g321614,g321605
g321614,g321200
g321614,g321604
g321614,g321607
g321614,g321606
g321614,g321608
g321614,g321620
g321614,g321609
g321614,g321611
g321614,g321612
g321614,g321613
g321614,g321615
g321614,g321614
g321614,g321616
g321614,g321617
g321614,g321638
g321614,g321619
g321614,g321618
g321614,g321624
g321614,g321625
g321614,g414707
g321614,g414701
g321614,g414706
g321614,g234700
g321614,g331632
g321614,g431303
g321614,g431304
g321614,g431305
g321614,g321633
g321614,g321644
g321614,g321645
g321614,g321646
g321614,g321634
g321614,g321637
g321614,g321628
g321614,g321629
g321614,g321630
g321614,g321610
g321614,g431302
g321614,g321627
g321614,n361700
g321614,n151700
g321614,n281800
g321614,n261601
g321614,g361800
g321614,n381602
g321614,n261502
g321614,n261504
g321614,n266500
g321614,n266500
g321614,n266500
g321614,n266500
g321614,n261603
g321614,n281600
g321614,n151600
g321614,n351700
g321614,n464800
g321614,n381601
g321614,n261604
g321614,n361600
g321614,n261609
g321614,n261610
g321614,n161604
g321614,n161607
g321614,n364700
g321614,n266500
g321614,w241201
g321614,w231402
g321614,w161401
g321614,w231401
g321614,w341209
g321614,w241216
g321614,w161501
g321614,w161502
g321614,w231300
g321614,w231403
g321614,w261500
g321614,w341201
g321614,w241202
g321614,w241203
g321614,w241204
g321614,w241205
g321614,w341203
g321614,w241206
g321614,w341204
g321614,w341205
g321614,w341207
g321614,w241207
g321614,w341208
g321614,w241208
g321614,w241209
g321614,w241210
g321614,w241211
g321614,w241212
g321614,w241213
g321614,w241214
g321614,w241215
g321614,w241217
g321614,w341210
g321614,w241218
g321614,w341211
g321614,w241219
g321614,w241220
g321614,w341212
g321614,w241222
g321614,w241223
g321614,w261403
g321614,w151100
g321614,w251200
g321614,m261100
g321614,m261400
g321614,m261501
g321614,m231300
g321614,m266400
g321614,m331400
g321614,m141201
g321614,m141202
g321614,m141203
g321614,m141204
g321614,m141205
g321614,m241202
g321614,m141206
g321614,m141207
g321614,m141209
g321614,m141210
g321614,m241203
g321614,m141211
g321614,m141212
g321614,m141100
g321614,m151100
g321614,m251200
g321614,m351600
g321613,g321602
g321613,g321604
g321613,g321606
g321613,g321608
g321613,g321620
g321613,g321609
g321613,g321612
g321613,g321617
g321613,g321638
g321613,g321619
g321613,g321618
g321613,g321624
g321613,g321625
g321613,g414707
g321613,g414701
g321613,g414706
g321613,g596800
g321613,g431304
g321613,g321633
g321613,g321642
g321613,g321636
g321613,g321610
g321613,g321627
g321613,g321626
g321613,g321639
g321613,g321640
g321613,n361700
g321613,n151700
g321613,n381602
g321613,n261502
g321613,n261503
g321613,n261504
g321613,n266500
g321613,n266500
g321613,n266500
g321613,n351700
g321613,n454800
g321613,n464800
g321613,n454603
g321613,n261604
g321613,n261607
g321613,n161603
g321613,n361600
g321613,n261609
g321613,n261610
g321613,n161607
g321613,n364700
g321613,n266500
g321613,w261401
g321613,w341202
g321613,w157600
g321613,w241205
g321613,w341203
g321613,m261400
g321613,m261501
g321613,m161100
g321613,m331400
g321613,m141208
g321613,m261502
w241218,g321621
w241218,g321615
w241218,g321614
w241218,g321619
w241218,g414706
w241218,g321645
w241218,g321639
w241218,n381602
w241218,n261609
w241218,w231402
w241218,w161501
w241218,w261402
w241218,w231403
w241218,w341207
w241218,w241210
w241218,w341211
w231403,g321605
w231403,g321617
w231403,g414701
w231403,n281800
w231403,n261601
w231403,g361800
w231403,n281600
w231403,n354702
w231403,n351700
w231403,n361600
w231403,n261610
w231403,w231402
w231403,w161501
w231403,w261402
w231403,w231403
w231403,w341207
w231403,w241210
w231403,w241218
w231403,w341211
w261403,g321609
w261403,g321617
w261403,g321638
w261403,g431303
w261403,g321610
w261403,n381602
w261403,n261503
w261403,n261504
w261403,n354702
w261403,n351700
w261403,n381601
w261403,n261604
w261403,w231401
w261403,w341202
w261403,w241216
w261403,w241221
w261403,w161501
w261403,w161502
w261403,w231300
w261403,w341205
w261403,w341212
w261403,w261403
w261403,w261100
w261403,w261300
g596800,n266500
w241203,g321624
w241203,n361600
w241203,n161604
w241203,w231401
w241203,w161502
w241203,w241207
w241203,w341208
w241203,w241214
m141212,g321620
m141212,g321644
m141212,g321645
m141212,g321646
m141212,g321643
g321603,g321601
g321603,g321603
g321603,g321604
g321603,g321607
g321603,g321606
g321603,g321620
g321603,g321609
g321603,g321621
g321603,g321612
g321603,g321615
g321603,g321614
g321603,g321617
g321603,g321638
g321603,g321619
g321603,g321618
g321603,g321625
g321603,g414707
g321603,g414701
g321603,g331632
g321603,g431303
g321603,g431304
g321603,g431305
g321603,g321633
g321603,g321642
g321603,g321644
g321603,g321610
g321603,g431302
g321603,g321616
g321603,n261501
g321603,n151700
g321603,n281800
g321603,g361800
g321603,n381602
g321603,n261502
g321603,n261400
g321603,n266500
g321603,n266500
g321603,n266500
g321603,n266500
g321603,n281600
g321603,n351700
g321603,n464800
g321603,n381601
g321603,n261604
g321603,n261605
g321603,n261608
g321603,n161603
g321603,n361600
g321603,n261610
g321603,n161604
g321603,n161607
g321603,n261700
g321603,n364800
g321603,n266500
g321603,w231402
g321603,w161501
g321603,w161502
g321603,w231300
g321603,w261403
g321603,w151100
g321603,w251200
g321603,w261300
g321603,m261100
g321603,m261400
g321603,m264700
g321603,m261501
g321603,m231300
g321603,m263500
g321603,m266400
g321603,m243202
g321603,m456800
g321603,m151100
g321603,m251200
g321603,m351600
g321603,m261502
g321200,g321602
g321200,g321605
g321200,g321604
g321200,g321607
g321200,g321606
g321200,g321608
g321200,g321620
g321200,g321609
g321200,g321621
g321200,g321614
g321200,g321617
g321200,g321638
g321200,g321622
g321200,g321619
g321200,g321618
g321200,g414701
g321200,g414706
g321200,g321633
g321200,g321644
g321200,g321645
g321200,g321646
g321200,g321610
g321200,g321616
g321200,g321643
g321200,n261606
g321200,n261609
g321200,n261602
g321200,w241201
g321200,w231402
g321200,w231401
g321200,w341209
g321200,w241216
g321200,w241221
g321200,w341201
g321200,w241202
g321200,w241203
g321200,w241204
g321200,w241205
g321200,w341203
g321200,w341204
g321200,w341205
g321200,w241207
g321200,w341208
g321200,w241209
g321200,w241210
g321200,w241211
g321200,w241213
g321200,w241214
g321200,w241215
g321200,w341210
g321200,w241218
g321200,w341211
g321200,w241219
g321200,w241220
g321200,w341212
g321200,w261200
g321200,w261300
g321200,m331400
g321200,m141201
g321200,m141202
g321200,m141203
g321200,m141204
g321200,m141205
g321200,m241202
g321200,m141206
g321200,m141207
g321200,m141208
g321200,m141209
g321200,m141210
g321200,m241203
g321200,m141211
g321200,m141212
g321200,m141100
g321633,g321601
g321633,g321603
g321633,g321604
g321633,g321607
g321633,g321609
g321633,g321621
g321633,g321614
g321633,g321638
g321633,g321618
g321633,g321624
g321633,g321625
g321633,g414701
g321633,g234700
g321633,g596800
g321633,g431303
g321633,g431304
g321633,g431305
g321633,g321633
g321633,g431302
g321633,g321627
g321633,n451800
g321633,n454701
g321633,n261501
g321633,n151700
g321633,n281800
g321633,n381602
g321633,n261502
g321633,n261504
g321633,n266500
g321633,n266500
g321633,n151600
g321633,n351700
g321633,n454800
g321633,n464800
g321633,n381601
g321633,n261604
g321633,n261608
g321633,n361600
g321633,n261700
g321633,n364800
g321633,n161606
g321633,n266500
g321633,w161501
g321633,w231300
g321633,w157600
g321633,w261403
g321633,w151100
g321633,w251200
g321633,m261400
g321633,m261501
g321633,m231300
g321633,m263500
g321633,m161100
g321633,m266400
g321633,m151100
g321633,m251200
g321633,m351600
g321633,m261502
w341206,g321607
w341206,g321606
w341206,g321609
w341206,g321621
w341206,g321617
w341206,g321638
w341206,g321622
w341206,g321619
w341206,g414706
w341206,g321645
w341206,g321634
w341206,g321631
w341206,g321610
w341206,n261502
w341206,n266500
w341206,n351700
w341206,n381601
w341206,n361600
w341206,n261609
w341206,n161605
w341206,w231401
w341206,w341202
w341206,w341209
w341206,w241216
w341206,w341203
w341206,w341205
w341206,w241219
w341206,w341212
w341206,w261403
w341206,w251200
w341206,w261200
n251600,g321607
n251600,g321620
n251600,g321615
n251600,g321617
n251600,g321616
n251600,n454701
n251600,n454702
n251600,n381602
n251600,n261400
n251600,n354702
n251600,n351700
n251600,n261605
n251600,n261607
n251600,n251600
n251600,n451400
n251600,n261602
n251600,w231401
n251600,w341202
n251600,w341209
n251600,w241216
n251600,w241202
n251600,w341203
n251600,w261200
m313700,g321607
m313700,g321620
m313700,g321613
m313700,g414701
m313700,g234700
m313700,g596800
m313700,g321646
m313700,n381602
m313700,n261502
m313700,n261503
m313700,n261504
m313700,n266500
m313700,n266500
m313700,n266500
m313700,n265700
m313700,n281600
m313700,n381601
m313700,n261607
m313700,n261700
m313700,m241201
m313700,m261100
m313700,m261501
m313700,m323701
m313700,m323600
m313700,m263500
m313700,m266400
m313700,m243202
m313700,m243201
w161202,w341210
w231402,g321605
w231402,g321200
w231402,g321609
w231402,g321621
w231402,g321614
w231402,g414701
w231402,g321644
w231402,g321646
w231402,w241201
w231402,w261401
w231402,w231402
w231402,w231401
w231402,w341209
w231402,w161501
w231402,w161502
w231402,w231403
w231402,w341201
w231402,w241202
w231402,w241204
w231402,w241205
w231402,w241206
w231402,w341204
w231402,w341207
w231402,w241208
w231402,w241209
w231402,w241210
w231402,w241211
w231402,w241212
w231402,w241213
w231402,w241215
w231402,w241218
w231402,w341211
w231402,w241219
w231402,w241220
w231402,w241222
w231402,w241223
n151700,g321603
n151700,g321609
n151700,g321613
n151700,g321614
n151700,g321617
n151700,g321638
n151700,g321618
n151700,g414707
n151700,g321644
n151700,g321646
n151700,n261601
n151700,n261504
n151700,n266500
n151700,n351700
n151700,n261604
n151700,n361600
n151700,n261610
n151700,n161604
n151700,n161607
n151700,m556800
n151700,w231401
n151700,w241216
n151700,w161501
n151700,w161502
n151700,w231300
n151700,w341203
n151700,w341205
n151700,w241214
n151700,w341212
n151700,w261403
n151700,m261100
n151700,m261400
n151700,m261501
n151700,m266400
n151700,m331400
n151700,m141203
n151700,m151100
n151700,m251200
n151700,m351600
n151700,m261502
w341209,g321607
w341209,g321617
w341209,g321619
w341209,g414706
w341209,g321646
w341209,g321639
w341209,n351700
w341209,n261609
w341209,n161604
w341209,n251600
w341209,m556800
w341209,n364700
w341209,n261602
w341209,w341209
w341212,g321605
w341212,g321200
w341212,g321606
w341212,g321609
w341212,g321615
w341212,g321617
w341212,g321619
w341212,g321618
w341212,g414706
w341212,g321646
w341212,g321626
w341212,g321639
w341212,n151700
w341212,n381602
w341212,n261504
w341212,n354702
w341212,n351700
w341212,n464800
w341212,n361600
w341212,n261610
w341212,w231401
w341212,w241216
w341212,w161502
w341212,w241214
w341212,w261100
w341202,g321605
w341202,g321604
w341202,g321607
w341202,g321613
w341202,g321617
w341202,g321638
w341202,g321619
w341202,g321618
w341202,g414701
w341202,g414706
w341202,g331632
w341202,g321633
w341202,g321646
w341202,g321626
w341202,g321639
w341202,g321640
w341202,n454702
w341202,n261601
w341202,g361800
w341202,n381602
w341202,n261400
w341202,n351700
w341202,n381601
w341202,n261605
w341202,n361600
w341202,n261609
w341202,n251600
w341202,n166600
w341202,n364700
w341202,n451400
w341202,n261602
w341202,w231401
w341202,w341202
w341202,w241216
w341202,w241221
w341202,w341203
w341202,w261100
w341202,w261200
w341202,w261300
w241204,g321605
w241204,g321606
w241204,g321608
w241204,g321612
w241204,g321614
w241204,g321617
w241204,g321622
w241204,g321619
w241204,g321618
w241204,g414706
w241204,g321644
w241204,g321646
w241204,g321643
w241204,g321639
w241204,n351700
w241204,n261609
w241204,n161605
w241204,w231402
w241204,w161501
w241204,w161502
w241204,w241208
w241204,w241213
g321607,g321602
g321607,g321603
g321607,g321607
g321607,g321606
g321607,g321608
g321607,g321620
g321607,g321609
g321607,g321621
g321607,g321611
g321607,g321612
g321607,g321613
g321607,g321615
g321607,g321614
g321607,g321616
g321607,g321617
g321607,g321638
g321607,g321622
g321607,g321619
g321607,g321618
g321607,g321624
g321607,g321625
g321607,g414701
g321607,g234700
g321607,g431303
g321607,g431304
g321607,g431305
g321607,g321644
g321607,g321634
g321607,g321637
g321607,g321630
g321607,g321631
g321607,g321610
g321607,g431302
g321607,g321616
g321607,g321627
g321607,g321626
g321607,g321639
g321607,g321640
g321607,g361800
g321607,n261502
g321607,n261504
g321607,n464800
g321607,n381601
g321607,n261604
g321607,n361600
g321607,n261609
g321607,n161604
g321607,n161605
g321607,n161607
g321607,w241201
g321607,w261401
g321607,w231402
g321607,w161401
g321607,w231401
g321607,w341202
g321607,w341209
g321607,w241216
g321607,w241221
g321607,w161501
g321607,w161502
g321607,w231300
g321607,w261402
g321607,w231403
g321607,w261500
g321607,w161201
g321607,w157600
g321607,w341201
g321607,w241202
g321607,w241203
g321607,w141100
g321607,w241204
g321607,w241205
g321607,w341203
g321607,w241206
g321607,w341204
g321607,w341205
g321607,w341207
g321607,w241207
g321607,w341208
g321607,w241208
g321607,w241209
g321607,w241210
g321607,w241211
g321607,w241212
g321607,w241213
g321607,w241214
g321607,w241215
g321607,w241217
g321607,w341210
g321607,w241218
g321607,w341211
g321607,w241219
g321607,w241220
g321607,w341212
g321607,w241222
g321607,w241223
g321607,w261403
g321607,w151100
g321607,w251200
g321607,w261100
g321607,w261200
g321607,w261300
g321607,w161202
g321607,m241201
g321607,m261100
g321607,m261400
g321607,m264700
g321607,m261501
g321607,m231300
g321607,m323701
g321607,m323600
g321607,m313700
g321607,m263500
g321607,m161100
g321607,m266400
g321607,m168100
g321607,m243202
g321607,m331400
g321607,m456800
g321607,m141201
g321607,m141202
g321607,m141203
g321607,m141204
g321607,m141205
g321607,m241202
g321607,m141206
g321607,m141207
g321607,m141208
g321607,m141210
g321607,m241203
g321607,m141211
g321607,m141212
g321607,m143200
g321607,m251600
g321607,m141100
g321607,m143100
g321607,m151100
g321607,m251200
g321607,m351600
g321607,m243201
g321607,m463600
g321607,m261502
g234700,g321602
g234700,g321603
g234700,g321609
g234700,g321614
g234700,g321618
g234700,g321624
g234700,g596800
g234700,g431304
g234700,g431305
g234700,g321633
g234700,g431302
g234700,n151700
g234700,n266500
g234700,n266500
g234700,n151600
g234700,n351700
g234700,n464800
g234700,n261604
g234700,n261610
g234700,n161604
g234700,n161607
g234700,n364800
g234700,n266500
g234700,w161401
g234700,w161502
g234700,w231300
g234700,w261500
g234700,w241211
g234700,w341211
g234700,w261403
g234700,w151100
g234700,w251200
g234700,w261100
g234700,m261100
g234700,m261400
g234700,m261501
g234700,m266400
g234700,m331400
g234700,m141205
g234700,m141207
g234700,m151100
g234700,m251200
g234700,m351600
m141207,g321614
m141207,g321624
m141207,g414706
m141207,g431304
m141207,g321633
m141207,g321644
m141207,g321645
m141207,g321646
m141207,g321626
m141207,n381602
m141207,n464800
m141207,n381601
m141207,n361600
m141207,n261610
m141207,n161604
m141207,n161606
m141207,w161402
m141207,m261400
m141207,m266400
m141207,m141201
m141207,m141203
m141207,m141209
m141207,m141100
g234700,g321608
g234700,g321614
g234700,g321618
g234700,g414701
g234700,g234700
g234700,g431304
g234700,g321633
g234700,n261604
w241222,g321643
g321627,g321606
g321627,g321609
g321627,g321613
g321627,g321614
g321627,g321638
g321627,g321618
g321627,g321624
g321627,g414701
g321627,g321633
g321627,g321627
g321627,g321626
g321627,n381602
g321627,n381601
g321627,n261604
g321627,w231300
g321627,w261403
n266500,g321601
n266500,g321602
n266500,g321603
n266500,g321604
n266500,g321613
n266500,g321614
n266500,g321638
n266500,g321624
n266500,g414701
n266500,g234700
n266500,g596800
n266500,g321633
n266500,g321641
n266500,g321644
n266500,g321639
n266500,g321640
n266500,n261501
n266500,n151700
n266500,n381602
n266500,n261502
n266500,n261504
n266500,n266500
n266500,n266500
n266500,n266500
n266500,n266500
n266500,n281600
n266500,n351700
n266500,n464800
n266500,n381601
n266500,n261604
n266500,n161607
n266500,n261700
n266500,n266500
n266500,w161402
n266500,w341202
n266500,w161501
n266500,w161502
n266500,w231300
n266500,w341203
n266500,w261100
n266500,m261100
n266500,m261501
n266500,m263500
n266500,m161100
n266500,m266400
n266500,m331400
n266500,m151100
n266500,m251200
n266500,m463600
n265700,g596800
n265700,n364800
n265700,m241201
n265700,m323701
n265700,m263500
n265700,m463600
g321605,g321602
g321605,g321603
g321605,g321200
g321605,g321604
g321605,g321607
g321605,g321620
g321605,g321614
g321605,g321619
g321605,g414707
g321605,g414701
g321605,g331632
g321605,g321646
g321605,g321635
g321605,g321636
g321605,g321629
g321605,g321610
g321605,g321616
g321605,g321626
g321605,n151700
g321605,n261609
g321605,n261610
g321605,w241201
g321605,w231402
g321605,w231401
g321605,w341202
g321605,w341209
g321605,w241216
g321605,w241221
g321605,w231403
g321605,w341201
g321605,w241219
g321605,m331400
g321605,m141203
g321605,m141208
g321605,m141100
n381601,g321601
n381601,g321602
n381601,g321603
n381601,g321604
n381601,g321638
n381601,g321633
n381601,g321634
n381601,g321626
n381601,n451800
n381601,n261501
n381601,n281800
n381601,n261601
n381601,g361800
n381601,n381602
n381601,n261504
n381601,n266500
n381601,n261603
n381601,n351700
n381601,n381601
n381601,n261604
n381601,n261606
n381601,n261608
n381601,n361600
n381601,n261609
n381601,n261610
n381601,n266500
n381601,w161502
n381601,w151100
n381601,w251200
n381601,w261100
n381601,m261100
n381601,m261501
n381601,m141208
n381601,m151100
n381601,m251200
n381601,m351600
g321646,g321601
g321646,g321605
g321646,g321200
g321646,g321604
g321646,g321607
g321646,g321606
g321646,g321609
g321646,g321614
g321646,g321617
g321646,g321618
g321646,g321624
g321646,g414707
g321646,g414701
g321646,g321644
g321646,g321645
g321646,g321646
g321646,g321637
g321646,g321631
g321646,g321610
g321646,g321643
g321646,g361800
g321646,n381602
g321646,n266500
g321646,n266500
g321646,n351700
g321646,n464800
g321646,n454603
g321646,n261606
g321646,n261609
g321646,n266500
g321646,w241201
g321646,w231402
g321646,w231401
g321646,w341202
g321646,w341209
g321646,w241216
g321646,w241221
g321646,w341201
g321646,w241202
g321646,w241203
g321646,w141100
g321646,w241204
g321646,w241205
g321646,w341203
g321646,w241206
g321646,w341204
g321646,w341205
g321646,w341207
g321646,w241207
g321646,w341208
g321646,w241209
g321646,w241211
g321646,w241213
g321646,w241214
g321646,w241215
g321646,w241217
g321646,w341210
g321646,w241218
g321646,w341211
g321646,w241219
g321646,w241220
g321646,w341212
g321646,w241222
g321646,w241223
g321646,m331400
g321646,m141201
g321646,m141202
g321646,m141203
g321646,m141204
g321646,m141205
g321646,m241202
g321646,m141206
g321646,m141207
g321646,m141208
g321646,m141209
g321646,m141210
g321646,m241203
g321646,m141211
g321646,m141212
g321629,g321605
g321629,g321200
g321629,g321604
g321629,g321607
g321629,g321606
g321629,g321620
g321629,g321611
g321629,g321613
g321629,g321614
g321629,g321616
g321629,g321617
g321629,g321638
g321629,g321619
g321629,g321618
g321629,g414706
g321629,g321641
g321629,g321644
g321629,g321646
g321629,g321634
g321629,g321635
g321629,g321636
g321629,g321628
g321629,g321629
g321629,g321630
g321629,g321631
g321629,g321616
g321629,n361700
g321629,n281800
g321629,n381602
g321629,n261400
g321629,n381601
g321629,n261605
g321629,n261606
g321629,n261608
g321629,n361600
g321629,n261609
g321629,n261602
g321629,w261401
g321629,w231401
g321629,w261200
g321629,m264700
g321629,m331400
g321630,g321625
g321630,n261501
g321630,n361700
g321630,n261502
g321630,n261503
g321630,n266500
g321630,n266500
g321630,n266500
g321630,n266500
g321630,n351700
g321630,n261604
g321630,n261609
g321630,n261610
g321630,n161607
g321630,w231402
g321630,w161401
n261610,n361700
n261610,n281800
n261610,g361800
n261610,n381602
n261610,n261502
n261610,n261503
n261610,n261603
n261610,n464800
n261610,n381601
n261610,n261606
n261610,n161603
n261610,n361600
n261610,n261609
n261610,n161607
n261610,n264700
n261610,n161606
n261610,w231401
n261610,w231403
n261610,w341210
n261610,w341211
n261610,w241219
n361600,g321614
n361600,n464800
n361600,n364700
n361600,w161402
n151600,g321603
n151600,g321609
n151600,g321614
n151600,g321638
n151600,g321618
n151600,g321624
n151600,g321625
n151600,g234700
n151600,g431303
n151600,g321633
n151600,g321644
n151600,g321645
n151600,g431302
n151600,g321626
n151600,n151700
n151600,n381602
n151600,n151600
n151600,n464800
n151600,n381601
n151600,n361600
n151600,n161604
n151600,w231402
n151600,w231401
n151600,w161502
n151600,w341201
n151600,w241202
n151600,w241203
n151600,w341204
n151600,w341208
n151600,w241219
n151600,w241220
n151600,w261403
n151600,w151100
n151600,w251200
n151600,m261400
n151600,m266400
n151600,m331400
n151600,m141201
n151600,m141203
n151600,m141204
n151600,m141205
g321626,g321605
g321626,g321200
g321626,g321607
g321626,g321609
g321626,g321617
g321626,g321638
g321626,g321624
g321626,g321625
g321626,g321646
g321626,g321610
g321626,g321627
g321626,g321643
g321626,n381602
g321626,n261504
g321626,n354702
g321626,n351700
g321626,n464800
g321626,n381601
g321626,n361600
g321626,n261609
g321626,n166600
g321626,n161602
g321626,w231402
g321626,w231401
g321626,w341202
g321626,w341209
g321626,w241216
g321626,w241221
g321626,w241204
g321626,w241205
g321626,w341203
g321626,w241211
g321626,w241213
g321626,w241214
g321626,w241218
g321626,w341211
g321626,w241219
g321626,w341212
g321626,w261403
g321626,m141203
g321626,m141207
g321626,m141208
g321626,m141209
g321626,m241203
m263500,m241201
m263500,m243202
m263500,m143200
m263500,m143100
m263500,m243201
m263500,m463600
n261609,g321605
n261609,g321604
n261609,g321607
n261609,g321620
n261609,g321609
n261609,g321621
n261609,g321613
n261609,g321616
n261609,g321617
n261609,g321638
n261609,g321619
n261609,g414707
n261609,g414701
n261609,g321644
n261609,g321645
n261609,g321636
n261609,g321637
n261609,g321630
n261609,g321631
n261609,g321626
n261609,g321643
n261609,n261601
n261609,g361800
n261609,n261400
n261609,n261605
n261609,n161603
n261609,n261610
n454800,g321606
n454800,g321613
n454800,g321617
n454800,g321638
n454800,g321619
n454800,g414701
n454800,g321639
n454800,n454800
n454800,w261402
n454800,w241206
m264700,n261400
m264700,n266500
m264700,n266500
m264700,n261605
m264700,n261608
m264700,m261501
m264700,m161100
m264700,m241203
m264700,m141212
m264700,m251600
m264700,m141100
n261607,n454701
n261607,n254700
n261607,n454702
n261607,n354701
n261607,n354800
n261607,n261400
n261607,n351700
n261607,n261605
n261607,n261607
n261607,n161605
n261607,w261200
n261503,g321609
n261503,g321614
n261503,g321625
n261503,g234700
n261503,g321628
n261503,g321630
n261503,n361700
n261503,n151700
n261503,n261601
n261503,n261502
n261503,n266500
n261503,n261603
n261503,n361600
n261503,n261610
n261503,w231401
n261503,w341202
n261501,g321601
n261501,g321602
n261501,g321603
n261501,g321633
n261501,g431302
n261501,n451800
n261501,n161601
n261501,n261601
n261501,n351700
n261501,n381601
n261501,w151100
n261501,w251200
n261606,g321601
n261606,g321602
n261606,g321200
n261606,g321604
n261606,g321633
n261606,g321634
n261606,g321635
n261606,g321628
n261606,g321629
n261606,n161601
n261606,n261601
n261606,g361800
n261606,n381602
n261606,n261400
n261606,n261603
n261606,n381601
n261606,n261604
n261606,n261608
n261606,n361600
n261606,n261610
n261606,n264700
n261606,n161606
n261606,n261602
n261606,w231401
n261606,w341202
n261606,w241204
n261606,m264700
n261606,m331400
n261606,m141204
n261606,m241203
n161605,g321607
n161605,g321606
n161605,g321620
n161605,g321614
n161605,g321638
n161605,g321619
n161605,g414701
n161605,g431303
n161605,g431304
n161605,g431305
n161605,g321633
n161605,g321640
n161605,n354701
n161605,n261502
n161605,n351700
n161605,n261607
n161605,n161603
n161605,n261609
g431305,g321601
g431305,g321603
g431305,g234700
g431305,g431303
g431305,g431304
g431305,g431305
g431305,g321633
g431305,g431302
g431305,n381602
g431305,n266500
g431305,n151600
g431305,n351700
g431305,n261604
g431305,n361600
g431305,n161605
g431305,n161606
g431305,m261100
g431305,m151100
g431305,m251200
g431305,m351600
